line,item_name,reason
2,,Missing item name
3,,Missing item name
4,,Missing item name
5,,Missing item name
6,,Missing item name
7,,Missing item name
8,,Missing item name
9,,Missing item name
10,,Missing item name
11,,Missing item name
12,,Missing item name
13,,Missing item name
14,,Missing item name
15,,Missing item name
16,,Missing item name
17,,Missing item name
18,,Missing item name
19,,Missing item name
20,,Missing item name
21,,Missing item name
22,,Missing item name
23,,Missing item name
24,,Missing item name
25,,Missing item name
26,,Missing item name
27,,Missing item name
28,,Missing item name
29,,Missing item name
30,,Missing item name
31,,Missing item name
32,,Missing item name
33,,Missing item name
34,,Missing item name
35,,Missing item name
36,,Missing item name
37,,Missing item name
38,,Missing item name
39,,Missing item name
40,,Missing item name
41,,Missing item name
42,,Missing item name
43,,Missing item name
44,,Missing item name
45,,Missing item name
46,,Missing item name
47,,Missing item name
48,,Missing item name
49,,Missing item name
50,,Missing item name
51,,Missing item name
52,,Missing item name
53,,Missing item name
54,,Missing item name
55,,Missing item name
56,,Missing item name
57,,Missing item name
58,,Missing item name
59,,Missing item name
60,,Missing item name
61,,Missing item name
62,,Missing item name
63,,Missing item name
64,,Missing item name
65,,Missing item name
66,,Missing item name
67,,Missing item name
68,,Missing item name
69,,Missing item name
70,,Missing item name
71,,Missing item name
72,,Missing item name
73,,Missing item name
74,,Missing item name
75,,Missing item name
76,,Missing item name
77,,Missing item name
78,,Missing item name
79,,Missing item name
80,,Missing item name
81,,Missing item name
82,,Missing item name
83,,Missing item name
84,,Missing item name
85,,Missing item name
86,,Missing item name
87,,Missing item name
88,,Missing item name
89,,Missing item name
90,,Missing item name
91,,Missing item name
92,,Missing item name
93,,Missing item name
94,,Missing item name
95,,Missing item name
96,,Missing item name
97,,Missing item name
98,,Missing item name
99,,Missing item name
100,,Missing item name
101,,Missing item name
102,,Missing item name
103,,Missing item name
104,,Missing item name
105,,Missing item name
106,,Missing item name
107,,Missing item name
108,,Missing item name
109,,Missing item name
110,,Missing item name
111,,Missing item name
112,,Missing item name
113,,Missing item name
114,,Missing item name
115,,Missing item name
116,,Missing item name
117,,Missing item name
118,,Missing item name
119,,Missing item name
120,,Missing item name
121,,Missing item name
122,,Missing item name
123,,Missing item name
124,,Missing item name
125,,Missing item name
126,,Missing item name
127,,Missing item name
128,,Missing item name
129,,Missing item name
130,,Missing item name
131,,Missing item name
132,,Missing item name
133,,Missing item name
134,,Missing item name
135,,Missing item name
136,,Missing item name
137,,Missing item name
138,,Missing item name
139,,Missing item name
140,,Missing item name
141,,Missing item name
142,,Missing item name
143,,Missing item name
144,,Missing item name
145,,Missing item name
146,,Missing item name
147,,Missing item name
148,,Missing item name
149,,Missing item name
150,,Missing item name
151,,Missing item name
152,,Missing item name
153,,Missing item name
154,,Missing item name
155,,Missing item name
156,,Missing item name
157,,Missing item name
158,,Missing item name
159,,Missing item name
160,,Missing item name
161,,Missing item name
162,,Missing item name
163,,Missing item name
164,,Missing item name
165,,Missing item name
166,,Missing item name
167,,Missing item name
168,,Missing item name
169,,Missing item name
170,,Missing item name
171,,Missing item name
172,,Missing item name
173,,Missing item name
174,,Missing item name
175,,Missing item name
176,,Missing item name
177,,Missing item name
178,,Missing item name
179,,Missing item name
180,,Missing item name
181,,Missing item name
182,,Missing item name
183,,Missing item name
184,,Missing item name
185,,Missing item name
186,,Missing item name
187,,Missing item name
188,,Missing item name
189,,Missing item name
190,,Missing item name
191,,Missing item name
192,,Missing item name
193,,Missing item name
194,,Missing item name
195,,Missing item name
196,,Missing item name
197,,Missing item name
198,,Missing item name
199,,Missing item name
200,,Missing item name
201,,Missing item name
202,,Missing item name
203,,Missing item name
204,,Missing item name
205,,Missing item name
206,,Missing item name
207,,Missing item name
208,,Missing item name
209,,Missing item name
210,,Missing item name
211,,Missing item name
212,,Missing item name
213,,Missing item name
214,,Missing item name
215,,Missing item name
216,,Missing item name
217,,Missing item name
218,,Missing item name
219,,Missing item name
220,,Missing item name
221,,Missing item name
222,,Missing item name
223,,Missing item name
224,,Missing item name
225,,Missing item name
226,,Missing item name
227,,Missing item name
228,,Missing item name
229,,Missing item name
230,,Missing item name
231,,Missing item name
232,,Missing item name
233,,Missing item name
234,,Missing item name
235,,Missing item name
236,,Missing item name
237,,Missing item name
238,,Missing item name
239,,Missing item name
240,,Missing item name
241,,Missing item name
242,,Missing item name
243,,Missing item name
244,,Missing item name
245,,Missing item name
246,,Missing item name
247,,Missing item name
248,,Missing item name
249,,Missing item name
250,,Missing item name
251,,Missing item name
252,,Missing item name
253,,Missing item name
254,,Missing item name
255,,Missing item name
256,,Missing item name
257,,Missing item name
258,,Missing item name
259,,Missing item name
260,,Missing item name
261,,Missing item name
262,,Missing item name
263,,Missing item name
264,,Missing item name
265,,Missing item name
266,,Missing item name
267,,Missing item name
268,,Missing item name
269,,Missing item name
270,,Missing item name
271,,Missing item name
272,,Missing item name
273,,Missing item name
274,,Missing item name
275,,Missing item name
276,,Missing item name
277,,Missing item name
278,,Missing item name
279,,Missing item name
280,,Missing item name
281,,Missing item name
282,,Missing item name
283,,Missing item name
284,,Missing item name
285,,Missing item name
286,,Missing item name
287,,Missing item name
288,,Missing item name
289,,Missing item name
290,,Missing item name
291,,Missing item name
292,,Missing item name
293,,Missing item name
294,,Missing item name
295,,Missing item name
296,,Missing item name
297,,Missing item name
298,,Missing item name
299,,Missing item name
300,,Missing item name
301,,Missing item name
302,,Missing item name
303,,Missing item name
304,,Missing item name
305,,Missing item name
306,,Missing item name
307,,Missing item name
308,,Missing item name
309,,Missing item name
310,,Missing item name
311,,Missing item name
312,,Missing item name
313,,Missing item name
314,,Missing item name
315,,Missing item name
316,,Missing item name
317,,Missing item name
318,,Missing item name
319,,Missing item name
320,,Missing item name
321,,Missing item name
322,,Missing item name
323,,Missing item name
324,,Missing item name
325,,Missing item name
326,,Missing item name
327,,Missing item name
328,,Missing item name
329,,Missing item name
330,,Missing item name
331,,Missing item name
332,,Missing item name
333,,Missing item name
334,,Missing item name
335,,Missing item name
336,,Missing item name
337,,Missing item name
338,,Missing item name
339,,Missing item name
340,,Missing item name
341,,Missing item name
342,,Missing item name
343,,Missing item name
344,,Missing item name
345,,Missing item name
346,,Missing item name
347,,Missing item name
348,,Missing item name
349,,Missing item name
350,,Missing item name
351,,Missing item name
352,,Missing item name
353,,Missing item name
354,,Missing item name
355,,Missing item name
356,,Missing item name
357,,Missing item name
358,,Missing item name
359,,Missing item name
360,,Missing item name
361,,Missing item name
362,,Missing item name
363,,Missing item name
364,,Missing item name
365,,Missing item name
366,,Missing item name
367,,Missing item name
368,,Missing item name
369,,Missing item name
370,,Missing item name
371,,Missing item name
372,,Missing item name
373,,Missing item name
374,,Missing item name
375,,Missing item name
376,,Missing item name
377,,Missing item name
378,,Missing item name
379,,Missing item name
380,,Missing item name
381,,Missing item name
382,,Missing item name
383,,Missing item name
384,,Missing item name
385,,Missing item name
386,,Missing item name
387,,Missing item name
388,,Missing item name
389,,Missing item name
390,,Missing item name
391,,Missing item name
392,,Missing item name
393,,Missing item name
394,,Missing item name
395,,Missing item name
396,,Missing item name
397,,Missing item name
398,,Missing item name
399,,Missing item name
400,,Missing item name
401,,Missing item name
402,,Missing item name
403,,Missing item name
404,,Missing item name
405,,Missing item name
406,,Missing item name
407,,Missing item name
408,,Missing item name
409,,Missing item name
410,,Missing item name
411,,Missing item name
412,,Missing item name
413,,Missing item name
414,,Missing item name
415,,Missing item name
416,,Missing item name
417,,Missing item name
418,,Missing item name
419,,Missing item name
420,,Missing item name
421,,Missing item name
422,,Missing item name
423,,Missing item name
424,,Missing item name
425,,Missing item name
426,,Missing item name
427,,Missing item name
428,,Missing item name
429,,Missing item name
430,,Missing item name
431,,Missing item name
432,,Missing item name
433,,Missing item name
434,,Missing item name
435,,Missing item name
436,,Missing item name
437,,Missing item name
438,,Missing item name
439,,Missing item name
440,,Missing item name
441,,Missing item name
442,,Missing item name
443,,Missing item name
444,,Missing item name
445,,Missing item name
446,,Missing item name
447,,Missing item name
448,,Missing item name
449,,Missing item name
450,,Missing item name
451,,Missing item name
452,,Missing item name
453,,Missing item name
454,,Missing item name
455,,Missing item name
456,,Missing item name
457,,Missing item name
458,,Missing item name
459,,Missing item name
460,,Missing item name
461,,Missing item name
462,,Missing item name
463,,Missing item name
464,,Missing item name
465,,Missing item name
466,,Missing item name
467,,Missing item name
468,,Missing item name
469,,Missing item name
470,,Missing item name
471,,Missing item name
472,,Missing item name
473,,Missing item name
474,,Missing item name
475,,Missing item name
476,,Missing item name
477,,Missing item name
478,,Missing item name
479,,Missing item name
480,,Missing item name
481,,Missing item name
482,,Missing item name
483,,Missing item name
484,,Missing item name
485,,Missing item name
486,,Missing item name
487,,Missing item name
488,,Missing item name
489,,Missing item name
490,,Missing item name
491,,Missing item name
492,,Missing item name
493,,Missing item name
494,,Missing item name
495,,Missing item name
496,,Missing item name
497,,Missing item name
498,,Missing item name
499,,Missing item name
500,,Missing item name
501,,Missing item name
502,,Missing item name
503,,Missing item name
504,,Missing item name
505,,Missing item name
506,,Missing item name
507,,Missing item name
508,,Missing item name
509,,Missing item name
510,,Missing item name
511,,Missing item name
512,,Missing item name
513,,Missing item name
514,,Missing item name
515,,Missing item name
516,,Missing item name
517,,Missing item name
518,,Missing item name
519,,Missing item name
520,,Missing item name
521,,Missing item name
522,,Missing item name
523,,Missing item name
524,,Missing item name
525,,Missing item name
526,,Missing item name
527,,Missing item name
528,,Missing item name
529,,Missing item name
530,,Missing item name
531,,Missing item name
532,,Missing item name
533,,Missing item name
534,,Missing item name
535,,Missing item name
536,,Missing item name
537,,Missing item name
538,,Missing item name
539,,Missing item name
540,,Missing item name
541,,Missing item name
542,,Missing item name
543,,Missing item name
544,,Missing item name
545,,Missing item name
546,,Missing item name
547,,Missing item name
548,,Missing item name
549,,Missing item name
550,,Missing item name
551,,Missing item name
552,,Missing item name
553,,Missing item name
554,,Missing item name
555,,Missing item name
556,,Missing item name
557,,Missing item name
558,,Missing item name
559,,Missing item name
560,,Missing item name
561,,Missing item name
562,,Missing item name
563,,Missing item name
564,,Missing item name
565,,Missing item name
566,,Missing item name
567,,Missing item name
568,,Missing item name
569,,Missing item name
570,,Missing item name
571,,Missing item name
572,,Missing item name
573,,Missing item name
574,,Missing item name
575,,Missing item name
576,,Missing item name
577,,Missing item name
578,,Missing item name
579,,Missing item name
580,,Missing item name
581,,Missing item name
582,,Missing item name
583,,Missing item name
584,,Missing item name
585,,Missing item name
586,,Missing item name
587,,Missing item name
588,,Missing item name
589,,Missing item name
590,,Missing item name
591,,Missing item name
592,,Missing item name
593,,Missing item name
594,,Missing item name
595,,Missing item name
596,,Missing item name
597,,Missing item name
598,,Missing item name
599,,Missing item name
600,,Missing item name
601,,Missing item name
602,,Missing item name
603,,Missing item name
604,,Missing item name
605,,Missing item name
606,,Missing item name
607,,Missing item name
608,,Missing item name
609,,Missing item name
610,,Missing item name
611,,Missing item name
612,,Missing item name
613,,Missing item name
614,,Missing item name
615,,Missing item name
616,,Missing item name
617,,Missing item name
618,,Missing item name
619,,Missing item name
620,,Missing item name
621,,Missing item name
622,,Missing item name
623,,Missing item name
624,,Missing item name
625,,Missing item name
626,,Missing item name
627,,Missing item name
628,,Missing item name
629,,Missing item name
630,,Missing item name
631,,Missing item name
632,,Missing item name
633,,Missing item name
634,,Missing item name
635,,Missing item name
636,,Missing item name
637,,Missing item name
638,,Missing item name
639,,Missing item name
640,,Missing item name
641,,Missing item name
642,,Missing item name
643,,Missing item name
644,,Missing item name
645,,Missing item name
646,,Missing item name
647,,Missing item name
648,,Missing item name
649,,Missing item name
650,,Missing item name
651,,Missing item name
652,,Missing item name
653,,Missing item name
654,,Missing item name
655,,Missing item name
656,,Missing item name
657,,Missing item name
658,,Missing item name
659,,Missing item name
660,,Missing item name
661,,Missing item name
662,,Missing item name
663,,Missing item name
664,,Missing item name
665,,Missing item name
666,,Missing item name
667,,Missing item name
668,,Missing item name
669,,Missing item name
670,,Missing item name
671,,Missing item name
672,,Missing item name
673,,Missing item name
674,,Missing item name
675,,Missing item name
676,,Missing item name
677,,Missing item name
678,,Missing item name
679,,Missing item name
680,,Missing item name
681,,Missing item name
682,,Missing item name
683,,Missing item name
684,,Missing item name
685,,Missing item name
686,,Missing item name
687,,Missing item name
688,,Missing item name
689,,Missing item name
690,,Missing item name
691,,Missing item name
692,,Missing item name
693,,Missing item name
694,,Missing item name
695,,Missing item name
696,,Missing item name
697,,Missing item name
698,,Missing item name
699,,Missing item name
700,,Missing item name
701,,Missing item name
702,,Missing item name
703,,Missing item name
704,,Missing item name
705,,Missing item name
706,,Missing item name
707,,Missing item name
708,,Missing item name
709,,Missing item name
710,,Missing item name
711,,Missing item name
712,,Missing item name
713,,Missing item name
714,,Missing item name
715,,Missing item name
716,,Missing item name
717,,Missing item name
718,,Missing item name
719,,Missing item name
720,,Missing item name
721,,Missing item name
722,,Missing item name
723,,Missing item name
724,,Missing item name
725,,Missing item name
726,,Missing item name
727,,Missing item name
728,,Missing item name
729,,Missing item name
